observationID,deploymentID,mediaID,eventID,eventStart,eventEnd,observationLevel,observationType,cameraSetupType,scientificName,count,lifeStage,sex,behavior,individualID,individualPositionRadius,individualPositionAngle,individualSpeed,bboxX,bboxY,bboxWidth,bboxHeight,classificationMethod,classifiedBy,classificationTimestamp,classificationProbability,observationTags,observationComments
SYFW0217_1,Prologis_02-2024-01-30-Wildlife_Camera,SYFW0217,,2024-01-30T18:28:28-0600,2024-01-30T18:28:28-0600,media,unclassified,,,,,,,,,,,,,,,,,,,,
SYFW0143_1,Prologis_02-2024-01-30-Wildlife_Camera,SYFW0143,,2024-01-27T08:28:56-0600,2024-01-27T08:28:56-0600,media,unclassified,,,,,,,,,,,,,,,,,,,,
SYFW0029_1,Prologis_02-2024-01-30-Wildlife_Camera,SYFW0029,,2024-01-24T19:22:08-0600,2024-01-24T19:22:08-0600,media,unclassified,,,,,,,,,,,,,,,,,,,,
SYFW0001_1,Prologis_02-2024-01-30-Wildlife_Camera,SYFW0001,,2024-01-24T18:56:50-0600,2024-01-24T18:56:50-0600,media,unclassified,,,,,,,,,,,,,,,,,,,,
SYFW0209_1,Prologis_02-2024-01-30-Wildlife_Camera,SYFW0209,,2024-01-30T10:28:16-0600,2024-01-30T10:28:16-0600,media,unclassified,,,,,,,,,,,,,,,,,,,,
SYFW0037_1,Prologis_02-2024-01-30-Wildlife_Camera,SYFW0037,,2024-01-27T05:23:42-0600,2024-01-27T05:23:42-0600,media,unclassified,,,,,,,,,,,,,,,,,,,,
SYFW0234_1,Prologis_02-2024-01-30-Wildlife_Camera,SYFW0234,,2024-01-30T12:41:04-0600,2024-01-30T12:41:04-0600,media,unclassified,,,,,,,,,,,,,,,,,,,,
SYFW0220_1,Prologis_02-2024-01-30-Wildlife_Camera,SYFW0220,,2024-01-30T12:29:56-0600,2024-01-30T12:29:56-0600,media,unclassified,,,,,,,,,,,,,,,,,,,,
SYFW0174_1,Prologis_02-2024-01-30-Wildlife_Camera,SYFW0174,,2024-01-29T10:14:59-0600,2024-01-29T10:14:59-0600,media,unclassified,,,,,,,,,,,,,,,,,,,,
SYFW0160_1,Prologis_02-2024-01-30-Wildlife_Camera,SYFW0160,,2024-01-28T13:02:06-0600,2024-01-28T13:02:06-0600,media,unclassified,,,,,,,,,,,,,,,,,,,,
SYFW0148_1,Prologis_02-2024-01-30-Wildlife_Camera,SYFW0148,,2024-01-27T14:32:01-0600,2024-01-27T14:32:01-0600,media,unclassified,,,,,,,,,,,,,,,,,,,,
SYFW0014_1,Prologis_02-2024-01-30-Wildlife_Camera,SYFW0014,,2024-01-24T19:09:22-0600,2024-01-24T19:09:22-0600,media,unclassified,,,,,,,,,,,,,,,,,,,,
SYFW0202_1,Prologis_02-2024-01-30-Wildlife_Camera,SYFW0202,,2024-01-30T15:01:52-0600,2024-01-30T15:01:52-0600,media,unclassified,,,,,,,,,,,,,,,,,,,,
SYFW0181_1,Prologis_02-2024-01-30-Wildlife_Camera,SYFW0181,,2024-01-29T06:14:04-0600,2024-01-29T06:14:04-0600,media,unclassified,,,,,,,,,,,,,,,,,,,,
SYFW0195_1,Prologis_02-2024-01-30-Wildlife_Camera,SYFW0195,,2024-01-29T07:43:38-0600,2024-01-29T07:43:38-0600,media,unclassified,,,,,,,,,,,,,,,,,,,,
SYFW0183_1,Prologis_02-2024-01-30-Wildlife_Camera,SYFW0183,,2024-01-29T06:20:00-0600,2024-01-29T06:20:00-0600,media,unclassified,,,,,,,,,,,,,,,,,,,,
SYFW0200_1,Prologis_02-2024-01-30-Wildlife_Camera,SYFW0200,,2024-01-30T12:59:01-0600,2024-01-30T12:59:01-0600,media,unclassified,,,,,,,,,,,,,,,,,,,,
SYFW0197_1,Prologis_02-2024-01-30-Wildlife_Camera,SYFW0197,,2024-01-29T07:49:14-0600,2024-01-29T07:49:14-0600,media,unclassified,,,,,,,,,,,,,,,,,,,,
SYFW0002_1,Prologis_02-2024-01-30-Wildlife_Camera,SYFW0002,,2024-01-24T19:01:54-0600,2024-01-24T19:01:54-0600,media,unclassified,,,,,,,,,,,,,,,,,,,,
SYFW0016_1,Prologis_02-2024-01-30-Wildlife_Camera,SYFW0016,,2024-01-24T19:10:29-0600,2024-01-24T19:10:29-0600,media,unclassified,,,,,,,,,,,,,,,,,,,,
SYFW0176_1,Prologis_02-2024-01-30-Wildlife_Camera,SYFW0176,,2024-01-29T10:47:33-0600,2024-01-29T10:47:33-0600,media,unclassified,,,,,,,,,,,,,,,,,,,,
SYFW0162_1,Prologis_02-2024-01-30-Wildlife_Camera,SYFW0162,,2024-01-28T14:09:53-0600,2024-01-28T14:09:53-0600,media,unclassified,,,,,,,,,,,,,,,,,,,,
SYFW0236_1,Prologis_02-2024-01-30-Wildlife_Camera,SYFW0236,,2024-01-30T12:42:12-0600,2024-01-30T12:42:12-0600,media,unclassified,,,,,,,,,,,,,,,,,,,,
SYFW0222_1,Prologis_02-2024-01-30-Wildlife_Camera,SYFW0222,,2024-01-30T12:31:04-0600,2024-01-30T12:31:04-0600,media,unclassified,,,,,,,,,,,,,,,,,,,,
SYFW0021_1,Prologis_02-2024-01-30-Wildlife_Camera,SYFW0021,,2024-01-24T13:12:52-0600,2024-01-24T13:12:52-0600,media,unclassified,,,,,,,,,,,,,,,,,,,,
SYFW0035_1,Prologis_02-2024-01-30-Wildlife_Camera,SYFW0035,,2024-01-27T05:22:06-0600,2024-01-27T05:22:06-0600,media,unclassified,,,,,,,,,,,,,,,,,,,,
SYFW0009_1,Prologis_02-2024-01-30-Wildlife_Camera,SYFW0009,,2024-01-24T13:05:50-0600,2024-01-24T13:05:50-0600,media,unclassified,,,,,,,,,,,,,,,,,,,,
SYFW0188_1,Prologis_02-2024-01-30-Wildlife_Camera,SYFW0188,,2024-01-29T13:02:34-0600,2024-01-29T13:02:34-0600,media,unclassified,,,,,,,,,,,,,,,,,,,,
SYFW0155_1,Prologis_02-2024-01-30-Wildlife_Camera,SYFW0155,,2024-01-27T10:15:02-0600,2024-01-27T10:15:02-0600,media,unclassified,,,,,,,,,,,,,,,,,,,,
SYFW0141_1,Prologis_02-2024-01-30-Wildlife_Camera,SYFW0141,,2024-01-27T08:27:32-0600,2024-01-27T08:27:32-0600,media,unclassified,,,,,,,,,,,,,,,,,,,,
SYFW0169_1,Prologis_02-2024-01-30-Wildlife_Camera,SYFW0169,,2024-01-29T01:58:12-0600,2024-01-29T01:58:12-0600,media,unclassified,,,,,,,,,,,,,,,,,,,,
SYFW0215_1,Prologis_02-2024-01-30-Wildlife_Camera,SYFW0215,,2024-01-30T18:27:23-0600,2024-01-30T18:27:23-0600,media,unclassified,,,,,,,,,,,,,,,,,,,,
SYFW0229_1,Prologis_02-2024-01-30-Wildlife_Camera,SYFW0229,,2024-01-30T18:35:19-0600,2024-01-30T18:35:19-0600,media,unclassified,,,,,,,,,,,,,,,,,,,,
SYFW0211_1,Prologis_02-2024-01-30-Wildlife_Camera,SYFW0211,,2024-01-30T18:22:50-0600,2024-01-30T18:22:50-0600,media,unclassified,,,,,,,,,,,,,,,,,,,,
SYFW0239_1,Prologis_02-2024-01-30-Wildlife_Camera,SYFW0239,,2024-01-30T18:44:07-0600,2024-01-30T18:44:07-0600,media,unclassified,,,,,,,,,,,,,,,,,,,,
SYFW0145_1,Prologis_02-2024-01-30-Wildlife_Camera,SYFW0145,,2024-01-27T08:30:00-0600,2024-01-27T08:30:00-0600,media,unclassified,,,,,,,,,,,,,,,,,,,,
SYFW0151_1,Prologis_02-2024-01-30-Wildlife_Camera,SYFW0151,,2024-01-27T08:36:00-0600,2024-01-27T08:36:00-0600,media,unclassified,,,,,,,,,,,,,,,,,,,,
SYFW0179_1,Prologis_02-2024-01-30-Wildlife_Camera,SYFW0179,,2024-01-29T04:50:48-0600,2024-01-29T04:50:48-0600,media,unclassified,,,,,,,,,,,,,,,,,,,,
SYFW0198_1,Prologis_02-2024-01-30-Wildlife_Camera,SYFW0198,,2024-01-29T16:30:18-0600,2024-01-29T16:30:18-0600,media,unclassified,,,,,,,,,,,,,,,,,,,,
SYFW0019_1,Prologis_02-2024-01-30-Wildlife_Camera,SYFW0019,,2024-01-24T13:11:54-0600,2024-01-24T13:11:54-0600,media,unclassified,,,,,,,,,,,,,,,,,,,,
SYFW0024_1,Prologis_02-2024-01-30-Wildlife_Camera,SYFW0024,,2024-01-24T13:18:38-0600,2024-01-24T13:18:38-0600,media,unclassified,,,,,,,,,,,,,,,,,,,,
SYFW0030_1,Prologis_02-2024-01-30-Wildlife_Camera,SYFW0030,,2024-01-24T13:22:28-0600,2024-01-24T13:22:28-0600,media,unclassified,,,,,,,,,,,,,,,,,,,,
SYFW0199_1,Prologis_02-2024-01-30-Wildlife_Camera,SYFW0199,,2024-01-30T04:30:19-0600,2024-01-30T04:30:19-0600,media,unclassified,,,,,,,,,,,,,,,,,,,,
SYFW0226_1,Prologis_02-2024-01-30-Wildlife_Camera,SYFW0226,,2024-01-30T12:33:20-0600,2024-01-30T12:33:20-0600,media,unclassified,,,,,,,,,,,,,,,,,,,,
SYFW0232_1,Prologis_02-2024-01-30-Wildlife_Camera,SYFW0232,,2024-01-30T12:40:02-0600,2024-01-30T12:40:02-0600,media,unclassified,,,,,,,,,,,,,,,,,,,,
SYFW0166_1,Prologis_02-2024-01-30-Wildlife_Camera,SYFW0166,,2024-01-29T04:37:15-0600,2024-01-29T04:37:15-0600,media,unclassified,,,,,,,,,,,,,,,,,,,,
SYFW0172_1,Prologis_02-2024-01-30-Wildlife_Camera,SYFW0172,,2024-01-29T08:58:41-0600,2024-01-29T08:58:41-0600,media,unclassified,,,,,,,,,,,,,,,,,,,,
SYFW0012_1,Prologis_02-2024-01-30-Wildlife_Camera,SYFW0012,,2024-01-24T19:07:59-0600,2024-01-24T19:07:59-0600,media,unclassified,,,,,,,,,,,,,,,,,,,,
SYFW0006_1,Prologis_02-2024-01-30-Wildlife_Camera,SYFW0006,,2024-01-24T19:04:19-0600,2024-01-24T19:04:19-0600,media,unclassified,,,,,,,,,,,,,,,,,,,,
SYFW0193_1,Prologis_02-2024-01-30-Wildlife_Camera,SYFW0193,,2024-01-29T07:37:04-0600,2024-01-29T07:37:04-0600,media,unclassified,,,,,,,,,,,,,,,,,,,,
SYFW0210_1,Prologis_02-2024-01-30-Wildlife_Camera,SYFW0210,,2024-01-30T16:30:08-0600,2024-01-30T16:30:08-0600,media,unclassified,,,,,,,,,,,,,,,,,,,,
SYFW0187_1,Prologis_02-2024-01-30-Wildlife_Camera,SYFW0187,,2024-01-29T07:01:22-0600,2024-01-29T07:01:22-0600,media,unclassified,,,,,,,,,,,,,,,,,,,,
SYFW0204_1,Prologis_02-2024-01-30-Wildlife_Camera,SYFW0204,,2024-01-30T15:19:50-0600,2024-01-30T15:19:50-0600,media,unclassified,,,,,,,,,,,,,,,,,,,,
SYFW0191_1,Prologis_02-2024-01-30-Wildlife_Camera,SYFW0191,,2024-01-29T07:04:30-0600,2024-01-29T07:04:30-0600,media,unclassified,,,,,,,,,,,,,,,,,,,,
SYFW0206_1,Prologis_02-2024-01-30-Wildlife_Camera,SYFW0206,,2024-01-30T16:26:36-0600,2024-01-30T16:26:36-0600,media,unclassified,,,,,,,,,,,,,,,,,,,,
SYFW0185_1,Prologis_02-2024-01-30-Wildlife_Camera,SYFW0185,,2024-01-29T06:55:28-0600,2024-01-29T06:55:28-0600,media,unclassified,,,,,,,,,,,,,,,,,,,,
SYFW0010_1,Prologis_02-2024-01-30-Wildlife_Camera,SYFW0010,,2024-01-24T19:06:41-0600,2024-01-24T19:06:41-0600,media,unclassified,,,,,,,,,,,,,,,,,,,,
SYFW0004_1,Prologis_02-2024-01-30-Wildlife_Camera,SYFW0004,,2024-01-24T19:03:05-0600,2024-01-24T19:03:05-0600,media,unclassified,,,,,,,,,,,,,,,,,,,,
SYFW0038_1,Prologis_02-2024-01-30-Wildlife_Camera,SYFW0038,,2024-01-27T11:24:40-0600,2024-01-27T11:24:40-0600,media,unclassified,,,,,,,,,,,,,,,,,,,,
SYFW0164_1,Prologis_02-2024-01-30-Wildlife_Camera,SYFW0164,,2024-01-28T16:30:17-0600,2024-01-28T16:30:17-0600,media,unclassified,,,,,,,,,,,,,,,,,,,,
SYFW0170_1,Prologis_02-2024-01-30-Wildlife_Camera,SYFW0170,,2024-01-29T08:27:31-0600,2024-01-29T08:27:31-0600,media,unclassified,,,,,,,,,,,,,,,,,,,,
SYFW0158_1,Prologis_02-2024-01-30-Wildlife_Camera,SYFW0158,,2024-01-28T13:00:32-0600,2024-01-28T13:00:32-0600,media,unclassified,,,,,,,,,,,,,,,,,,,,
SYFW0224_1,Prologis_02-2024-01-30-Wildlife_Camera,SYFW0224,,2024-01-30T12:32:08-0600,2024-01-30T12:32:08-0600,media,unclassified,,,,,,,,,,,,,,,,,,,,
SYFW0230_1,Prologis_02-2024-01-30-Wildlife_Camera,SYFW0230,,2024-01-30T12:35:42-0600,2024-01-30T12:35:42-0600,media,unclassified,,,,,,,,,,,,,,,,,,,,
SYFW0218_1,Prologis_02-2024-01-30-Wildlife_Camera,SYFW0218,,2024-01-30T12:28:48-0600,2024-01-30T12:28:48-0600,media,unclassified,,,,,,,,,,,,,,,,,,,,
SYFW0026_1,Prologis_02-2024-01-30-Wildlife_Camera,SYFW0026,,2024-01-24T13:20:08-0600,2024-01-24T13:20:08-0600,media,unclassified,,,,,,,,,,,,,,,,,,,,
SYFW0033_1,Prologis_02-2024-01-30-Wildlife_Camera,SYFW0033,,2024-01-27T05:14:46-0600,2024-01-27T05:14:46-0600,media,unclassified,,,,,,,,,,,,,,,,,,,,
SYFW0165_1,Prologis_02-2024-01-30-Wildlife_Camera,SYFW0165,,2024-01-29T04:30:18-0600,2024-01-29T04:30:18-0600,media,unclassified,,,,,,,,,,,,,,,,,,,,
SYFW0147_1,Prologis_02-2024-01-30-Wildlife_Camera,SYFW0147,,2024-01-27T08:31:08-0600,2024-01-27T08:31:08-0600,media,unclassified,,,,,,,,,,,,,,,,,,,,
SYFW0153_1,Prologis_02-2024-01-30-Wildlife_Camera,SYFW0153,,2024-01-27T08:38:08-0600,2024-01-27T08:38:08-0600,media,unclassified,,,,,,,,,,,,,,,,,,,,
SYFW0213_1,Prologis_02-2024-01-30-Wildlife_Camera,SYFW0213,,2024-01-30T18:26:08-0600,2024-01-30T18:26:08-0600,media,unclassified,,,,,,,,,,,,,,,,,,,,
SYFW0076_1,Prologis_02-2024-01-30-Wildlife_Camera,SYFW0076,,2024-01-27T13:43:46-0600,2024-01-27T13:43:46-0600,media,unclassified,,,,,,,,,,,,,,,,,,,,
SYFW0062_1,Prologis_02-2024-01-30-Wildlife_Camera,SYFW0062,,2024-01-27T13:34:23-0600,2024-01-27T13:34:23-0600,media,unclassified,,,,,,,,,,,,,,,,,,,,
SYFW0102_1,Prologis_02-2024-01-30-Wildlife_Camera,SYFW0102,,2024-01-27T13:58:38-0600,2024-01-27T13:58:38-0600,media,unclassified,,,,,,,,,,,,,,,,,,,,
SYFW0116_1,Prologis_02-2024-01-30-Wildlife_Camera,SYFW0116,,2024-01-27T14:06:59-0600,2024-01-27T14:06:59-0600,media,unclassified,,,,,,,,,,,,,,,,,,,,
SYFW0242_1,Prologis_02-2024-01-30-Wildlife_Camera,SYFW0242,,2024-01-30T12:45:30-0600,2024-01-30T12:45:30-0600,media,unclassified,,,,,,,,,,,,,,,,,,,,
SYFW0083_1,Prologis_02-2024-01-30-Wildlife_Camera,SYFW0083,,2024-01-27T07:47:40-0600,2024-01-27T07:47:40-0600,media,unclassified,,,,,,,,,,,,,,,,,,,,
SYFW0097_1,Prologis_02-2024-01-30-Wildlife_Camera,SYFW0097,,2024-01-27T07:55:30-0600,2024-01-27T07:55:30-0600,media,unclassified,,,,,,,,,,,,,,,,,,,,
SYFW0041_1,Prologis_02-2024-01-30-Wildlife_Camera,SYFW0041,,2024-01-27T05:26:36-0600,2024-01-27T05:26:36-0600,media,unclassified,,,,,,,,,,,,,,,,,,,,
SYFW0069_1,Prologis_02-2024-01-30-Wildlife_Camera,SYFW0069,,2024-01-27T07:38:04-0600,2024-01-27T07:38:04-0600,media,unclassified,,,,,,,,,,,,,,,,,,,,
SYFW0088_1,Prologis_02-2024-01-30-Wildlife_Camera,SYFW0088,,2024-01-27T13:50:43-0600,2024-01-27T13:50:43-0600,media,unclassified,,,,,,,,,,,,,,,,,,,,
SYFW0121_1,Prologis_02-2024-01-30-Wildlife_Camera,SYFW0121,,2024-01-27T08:10:50-0600,2024-01-27T08:10:50-0600,media,unclassified,,,,,,,,,,,,,,,,,,,,
SYFW0135_1,Prologis_02-2024-01-30-Wildlife_Camera,SYFW0135,,2024-01-27T08:24:08-0600,2024-01-27T08:24:08-0600,media,unclassified,,,,,,,,,,,,,,,,,,,,
SYFW0109_1,Prologis_02-2024-01-30-Wildlife_Camera,SYFW0109,,2024-01-27T08:02:38-0600,2024-01-27T08:02:38-0600,media,unclassified,,,,,,,,,,,,,,,,,,,,
SYFW0123_1,Prologis_02-2024-01-30-Wildlife_Camera,SYFW0123,,2024-01-27T08:12:04-0600,2024-01-27T08:12:04-0600,media,unclassified,,,,,,,,,,,,,,,,,,,,
SYFW0137_1,Prologis_02-2024-01-30-Wildlife_Camera,SYFW0137,,2024-01-27T08:25:14-0600,2024-01-27T08:25:14-0600,media,unclassified,,,,,,,,,,,,,,,,,,,,
SYFW0043_1,Prologis_02-2024-01-30-Wildlife_Camera,SYFW0043,,2024-01-27T05:27:42-0600,2024-01-27T05:27:42-0600,media,unclassified,,,,,,,,,,,,,,,,,,,,
SYFW0056_1,Prologis_02-2024-01-30-Wildlife_Camera,SYFW0056,,2024-01-27T05:54:42-0600,2024-01-27T05:54:42-0600,media,unclassified,,,,,,,,,,,,,,,,,,,,
SYFW0081_1,Prologis_02-2024-01-30-Wildlife_Camera,SYFW0081,,2024-01-27T07:46:16-0600,2024-01-27T07:46:16-0600,media,unclassified,,,,,,,,,,,,,,,,,,,,
SYFW0095_1,Prologis_02-2024-01-30-Wildlife_Camera,SYFW0095,,2024-01-27T07:54:26-0600,2024-01-27T07:54:26-0600,media,unclassified,,,,,,,,,,,,,,,,,,,,
SYFW0240_1,Prologis_02-2024-01-30-Wildlife_Camera,SYFW0240,,2024-01-30T12:44:26-0600,2024-01-30T12:44:26-0600,media,unclassified,,,,,,,,,,,,,,,,,,,,
SYFW0100_1,Prologis_02-2024-01-30-Wildlife_Camera,SYFW0100,,2024-01-27T13:57:31-0600,2024-01-27T13:57:31-0600,media,unclassified,,,,,,,,,,,,,,,,,,,,
SYFW0114_1,Prologis_02-2024-01-30-Wildlife_Camera,SYFW0114,,2024-01-27T14:05:52-0600,2024-01-27T14:05:52-0600,media,unclassified,,,,,,,,,,,,,,,,,,,,
SYFW0128_1,Prologis_02-2024-01-30-Wildlife_Camera,SYFW0128,,2024-01-27T14:17:34-0600,2024-01-27T14:17:34-0600,media,unclassified,,,,,,,,,,,,,,,,,,,,
SYFW0074_1,Prologis_02-2024-01-30-Wildlife_Camera,SYFW0074,,2024-01-27T13:42:39-0600,2024-01-27T13:42:39-0600,media,unclassified,,,,,,,,,,,,,,,,,,,,
SYFW0060_1,Prologis_02-2024-01-30-Wildlife_Camera,SYFW0060,,2024-01-27T13:33:15-0600,2024-01-27T13:33:15-0600,media,unclassified,,,,,,,,,,,,,,,,,,,,
SYFW0048_1,Prologis_02-2024-01-30-Wildlife_Camera,SYFW0048,,2024-01-27T11:32:54-0600,2024-01-27T11:32:54-0600,media,unclassified,,,,,,,,,,,,,,,,,,,,
SYFW0064_1,Prologis_02-2024-01-30-Wildlife_Camera,SYFW0064,,2024-01-27T13:35:29-0600,2024-01-27T13:35:29-0600,media,unclassified,,,,,,,,,,,,,,,,,,,,
SYFW0070_1,Prologis_02-2024-01-30-Wildlife_Camera,SYFW0070,,2024-01-27T13:39:37-0600,2024-01-27T13:39:37-0600,media,unclassified,,,,,,,,,,,,,,,,,,,,
SYFW0110_1,Prologis_02-2024-01-30-Wildlife_Camera,SYFW0110,,2024-01-27T14:03:29-0600,2024-01-27T14:03:29-0600,media,unclassified,,,,,,,,,,,,,,,,,,,,
SYFW0104_1,Prologis_02-2024-01-30-Wildlife_Camera,SYFW0104,,2024-01-27T13:59:46-0600,2024-01-27T13:59:46-0600,media,unclassified,,,,,,,,,,,,,,,,,,,,
SYFW0138_1,Prologis_02-2024-01-30-Wildlife_Camera,SYFW0138,,2024-01-27T14:26:06-0600,2024-01-27T14:26:06-0600,media,unclassified,,,,,,,,,,,,,,,,,,,,
SYFW0091_1,Prologis_02-2024-01-30-Wildlife_Camera,SYFW0091,,2024-01-27T07:52:06-0600,2024-01-27T07:52:06-0600,media,unclassified,,,,,,,,,,,,,,,,,,,,
SYFW0085_1,Prologis_02-2024-01-30-Wildlife_Camera,SYFW0085,,2024-01-27T07:48:44-0600,2024-01-27T07:48:44-0600,media,unclassified,,,,,,,,,,,,,,,,,,,,
SYFW0047_1,Prologis_02-2024-01-30-Wildlife_Camera,SYFW0047,,2024-01-27T05:30:42-0600,2024-01-27T05:30:42-0600,media,unclassified,,,,,,,,,,,,,,,,,,,,
SYFW0053_1,Prologis_02-2024-01-30-Wildlife_Camera,SYFW0053,,2024-01-27T05:38:26-0600,2024-01-27T05:38:26-0600,media,unclassified,,,,,,,,,,,,,,,,,,,,
SYFW0059_1,Prologis_02-2024-01-30-Wildlife_Camera,SYFW0059,,2024-01-27T13:32:52-0600,2024-01-27T13:32:52-0600,media,unclassified,,,,,,,,,,,,,,,,,,,,
SYFW0133_1,Prologis_02-2024-01-30-Wildlife_Camera,SYFW0133,,2024-01-27T08:22:56-0600,2024-01-27T08:22:56-0600,media,unclassified,,,,,,,,,,,,,,,,,,,,
SYFW0127_1,Prologis_02-2024-01-30-Wildlife_Camera,SYFW0127,,2024-01-27T08:16:40-0600,2024-01-27T08:16:40-0600,media,unclassified,,,,,,,,,,,,,,,,,,,,
SYFW0131_1,Prologis_02-2024-01-30-Wildlife_Camera,SYFW0131,,2024-01-27T08:21:36-0600,2024-01-27T08:21:36-0600,media,unclassified,,,,,,,,,,,,,,,,,,,,
SYFW0125_1,Prologis_02-2024-01-30-Wildlife_Camera,SYFW0125,,2024-01-27T08:14:20-0600,2024-01-27T08:14:20-0600,media,unclassified,,,,,,,,,,,,,,,,,,,,
SYFW0119_1,Prologis_02-2024-01-30-Wildlife_Camera,SYFW0119,,2024-01-27T08:08:26-0600,2024-01-27T08:08:26-0600,media,unclassified,,,,,,,,,,,,,,,,,,,,
SYFW0098_1,Prologis_02-2024-01-30-Wildlife_Camera,SYFW0098,,2024-01-27T13:56:22-0600,2024-01-27T13:56:22-0600,media,unclassified,,,,,,,,,,,,,,,,,,,,
SYFW0045_1,Prologis_02-2024-01-30-Wildlife_Camera,SYFW0045,,2024-01-27T05:28:56-0600,2024-01-27T05:28:56-0600,media,unclassified,,,,,,,,,,,,,,,,,,,,
SYFW0051_1,Prologis_02-2024-01-30-Wildlife_Camera,SYFW0051,,2024-01-27T05:37:16-0600,2024-01-27T05:37:16-0600,media,unclassified,,,,,,,,,,,,,,,,,,,,
SYFW0079_1,Prologis_02-2024-01-30-Wildlife_Camera,SYFW0079,,2024-01-27T07:45:12-0600,2024-01-27T07:45:12-0600,media,unclassified,,,,,,,,,,,,,,,,,,,,
SYFW0093_1,Prologis_02-2024-01-30-Wildlife_Camera,SYFW0093,,2024-01-27T07:53:12-0600,2024-01-27T07:53:12-0600,media,unclassified,,,,,,,,,,,,,,,,,,,,
SYFW0087_1,Prologis_02-2024-01-30-Wildlife_Camera,SYFW0087,,2024-01-27T07:49:50-0600,2024-01-27T07:49:50-0600,media,unclassified,,,,,,,,,,,,,,,,,,,,
SYFW0112_1,Prologis_02-2024-01-30-Wildlife_Camera,SYFW0112,,2024-01-27T14:04:46-0600,2024-01-27T14:04:46-0600,media,unclassified,,,,,,,,,,,,,,,,,,,,
SYFW0106_1,Prologis_02-2024-01-30-Wildlife_Camera,SYFW0106,,2024-01-27T14:00:58-0600,2024-01-27T14:00:58-0600,media,unclassified,,,,,,,,,,,,,,,,,,,,
SYFW0066_1,Prologis_02-2024-01-30-Wildlife_Camera,SYFW0066,,2024-01-27T13:36:37-0600,2024-01-27T13:36:37-0600,media,unclassified,,,,,,,,,,,,,,,,,,,,
SYFW0072_1,Prologis_02-2024-01-30-Wildlife_Camera,SYFW0072,,2024-01-27T13:41:33-0600,2024-01-27T13:41:33-0600,media,unclassified,,,,,,,,,,,,,,,,,,,,
SYFW0241_1,Prologis_02-2024-01-30-Wildlife_Camera,SYFW0241,,2024-01-30T18:45:12-0600,2024-01-30T18:45:12-0600,media,unclassified,,,,,,,,,,,,,,,,,,,,
SYFW0129_1,Prologis_02-2024-01-30-Wildlife_Camera,SYFW0129,,2024-01-27T08:17:52-0600,2024-01-27T08:17:52-0600,media,unclassified,,,,,,,,,,,,,,,,,,,,
SYFW0115_1,Prologis_02-2024-01-30-Wildlife_Camera,SYFW0115,,2024-01-27T08:06:10-0600,2024-01-27T08:06:10-0600,media,unclassified,,,,,,,,,,,,,,,,,,,,
SYFW0101_1,Prologis_02-2024-01-30-Wildlife_Camera,SYFW0101,,2024-01-27T07:57:48-0600,2024-01-27T07:57:48-0600,media,unclassified,,,,,,,,,,,,,,,,,,,,
SYFW0057_1,Prologis_02-2024-01-30-Wildlife_Camera,SYFW0057,,2024-01-27T11:59:05-0600,2024-01-27T11:59:05-0600,media,unclassified,,,,,,,,,,,,,,,,,,,,
SYFW0094_1,Prologis_02-2024-01-30-Wildlife_Camera,SYFW0094,,2024-01-27T13:54:08-0600,2024-01-27T13:54:08-0600,media,unclassified,,,,,,,,,,,,,,,,,,,,
SYFW0080_1,Prologis_02-2024-01-30-Wildlife_Camera,SYFW0080,,2024-01-27T13:45:59-0600,2024-01-27T13:45:59-0600,media,unclassified,,,,,,,,,,,,,,,,,,,,
SYFW0049_1,Prologis_02-2024-01-30-Wildlife_Camera,SYFW0049,,2024-01-27T05:33:12-0600,2024-01-27T05:33:12-0600,media,unclassified,,,,,,,,,,,,,,,,,,,,
SYFW0061_1,Prologis_02-2024-01-30-Wildlife_Camera,SYFW0061,,2024-01-27T07:33:32-0600,2024-01-27T07:33:32-0600,media,unclassified,,,,,,,,,,,,,,,,,,,,
SYFW0075_1,Prologis_02-2024-01-30-Wildlife_Camera,SYFW0075,,2024-01-27T07:42:58-0600,2024-01-27T07:42:58-0600,media,unclassified,,,,,,,,,,,,,,,,,,,,
SYFW0136_1,Prologis_02-2024-01-30-Wildlife_Camera,SYFW0136,,2024-01-27T14:24:57-0600,2024-01-27T14:24:57-0600,media,unclassified,,,,,,,,,,,,,,,,,,,,
SYFW0122_1,Prologis_02-2024-01-30-Wildlife_Camera,SYFW0122,,2024-01-27T14:11:47-0600,2024-01-27T14:11:47-0600,media,unclassified,,,,,,,,,,,,,,,,,,,,
SYFW0042_1,Prologis_02-2024-01-30-Wildlife_Camera,SYFW0042,,2024-01-27T11:27:25-0600,2024-01-27T11:27:25-0600,media,unclassified,,,,,,,,,,,,,,,,,,,,
SYFW0068_1,Prologis_02-2024-01-30-Wildlife_Camera,SYFW0068,,2024-01-27T13:37:46-0600,2024-01-27T13:37:46-0600,media,unclassified,,,,,,,,,,,,,,,,,,,,
SYFW0040_1,Prologis_02-2024-01-30-Wildlife_Camera,SYFW0040,,2024-01-27T11:26:18-0600,2024-01-27T11:26:18-0600,media,unclassified,,,,,,,,,,,,,,,,,,,,
SYFW0054_1,Prologis_02-2024-01-30-Wildlife_Camera,SYFW0054,,2024-01-27T11:50:41-0600,2024-01-27T11:50:41-0600,media,unclassified,,,,,,,,,,,,,,,,,,,,
SYFW0108_1,Prologis_02-2024-01-30-Wildlife_Camera,SYFW0108,,2024-01-27T14:02:21-0600,2024-01-27T14:02:21-0600,media,unclassified,,,,,,,,,,,,,,,,,,,,
SYFW0134_1,Prologis_02-2024-01-30-Wildlife_Camera,SYFW0134,,2024-01-27T14:23:51-0600,2024-01-27T14:23:51-0600,media,unclassified,,,,,,,,,,,,,,,,,,,,
SYFW0120_1,Prologis_02-2024-01-30-Wildlife_Camera,SYFW0120,,2024-01-27T14:10:32-0600,2024-01-27T14:10:32-0600,media,unclassified,,,,,,,,,,,,,,,,,,,,
SYFW0089_1,Prologis_02-2024-01-30-Wildlife_Camera,SYFW0089,,2024-01-27T07:51:00-0600,2024-01-27T07:51:00-0600,media,unclassified,,,,,,,,,,,,,,,,,,,,
SYFW0063_1,Prologis_02-2024-01-30-Wildlife_Camera,SYFW0063,,2024-01-27T07:34:40-0600,2024-01-27T07:34:40-0600,media,unclassified,,,,,,,,,,,,,,,,,,,,
SYFW0077_1,Prologis_02-2024-01-30-Wildlife_Camera,SYFW0077,,2024-01-27T07:44:04-0600,2024-01-27T07:44:04-0600,media,unclassified,,,,,,,,,,,,,,,,,,,,
SYFW0096_1,Prologis_02-2024-01-30-Wildlife_Camera,SYFW0096,,2024-01-27T13:55:14-0600,2024-01-27T13:55:14-0600,media,unclassified,,,,,,,,,,,,,,,,,,,,
SYFW0082_1,Prologis_02-2024-01-30-Wildlife_Camera,SYFW0082,,2024-01-27T13:47:22-0600,2024-01-27T13:47:22-0600,media,unclassified,,,,,,,,,,,,,,,,,,,,
SYFW0055_1,Prologis_02-2024-01-30-Wildlife_Camera,SYFW0055,,2024-01-27T11:54:24-0600,2024-01-27T11:54:24-0600,media,unclassified,,,,,,,,,,,,,,,,,,,,
SYFW0117_1,Prologis_02-2024-01-30-Wildlife_Camera,SYFW0117,,2024-01-27T08:07:16-0600,2024-01-27T08:07:16-0600,media,unclassified,,,,,,,,,,,,,,,,,,,,
SYFW0103_1,Prologis_02-2024-01-30-Wildlife_Camera,SYFW0103,,2024-01-27T07:58:56-0600,2024-01-27T07:58:56-0600,media,unclassified,,,,,,,,,,,,,,,,,,,,
SYFW0107_1,Prologis_02-2024-01-30-Wildlife_Camera,SYFW0107,,2024-01-27T08:01:16-0600,2024-01-27T08:01:16-0600,media,unclassified,,,,,,,,,,,,,,,,,,,,
SYFW0113_1,Prologis_02-2024-01-30-Wildlife_Camera,SYFW0113,,2024-01-27T08:05:04-0600,2024-01-27T08:05:04-0600,media,unclassified,,,,,,,,,,,,,,,,,,,,
SYFW0086_1,Prologis_02-2024-01-30-Wildlife_Camera,SYFW0086,,2024-01-27T13:49:34-0600,2024-01-27T13:49:34-0600,media,unclassified,,,,,,,,,,,,,,,,,,,,
SYFW0092_1,Prologis_02-2024-01-30-Wildlife_Camera,SYFW0092,,2024-01-27T13:52:55-0600,2024-01-27T13:52:55-0600,media,unclassified,,,,,,,,,,,,,,,,,,,,
SYFW0073_1,Prologis_02-2024-01-30-Wildlife_Camera,SYFW0073,,2024-01-27T07:41:50-0600,2024-01-27T07:41:50-0600,media,unclassified,,,,,,,,,,,,,,,,,,,,
SYFW0067_1,Prologis_02-2024-01-30-Wildlife_Camera,SYFW0067,,2024-01-27T07:36:54-0600,2024-01-27T07:36:54-0600,media,unclassified,,,,,,,,,,,,,,,,,,,,
SYFW0099_1,Prologis_02-2024-01-30-Wildlife_Camera,SYFW0099,,2024-01-27T07:56:38-0600,2024-01-27T07:56:38-0600,media,unclassified,,,,,,,,,,,,,,,,,,,,
SYFW0118_1,Prologis_02-2024-01-30-Wildlife_Camera,SYFW0118,,2024-01-27T14:08:08-0600,2024-01-27T14:08:08-0600,media,unclassified,,,,,,,,,,,,,,,,,,,,
SYFW0124_1,Prologis_02-2024-01-30-Wildlife_Camera,SYFW0124,,2024-01-27T14:14:03-0600,2024-01-27T14:14:03-0600,media,unclassified,,,,,,,,,,,,,,,,,,,,
SYFW0130_1,Prologis_02-2024-01-30-Wildlife_Camera,SYFW0130,,2024-01-27T14:21:20-0600,2024-01-27T14:21:20-0600,media,unclassified,,,,,,,,,,,,,,,,,,,,
SYFW0078_1,Prologis_02-2024-01-30-Wildlife_Camera,SYFW0078,,2024-01-27T13:44:53-0600,2024-01-27T13:44:53-0600,media,unclassified,,,,,,,,,,,,,,,,,,,,
SYFW0050_1,Prologis_02-2024-01-30-Wildlife_Camera,SYFW0050,,2024-01-27T11:37:00-0600,2024-01-27T11:37:00-0600,media,unclassified,,,,,,,,,,,,,,,,,,,,
SYFW0044_1,Prologis_02-2024-01-30-Wildlife_Camera,SYFW0044,,2024-01-27T11:28:38-0600,2024-01-27T11:28:38-0600,media,unclassified,,,,,,,,,,,,,,,,,,,,
SYFW0052_1,Prologis_02-2024-01-30-Wildlife_Camera,SYFW0052,,2024-01-27T11:38:21-0600,2024-01-27T11:38:21-0600,media,unclassified,,,,,,,,,,,,,,,,,,,,
SYFW0046_1,Prologis_02-2024-01-30-Wildlife_Camera,SYFW0046,,2024-01-27T11:30:25-0600,2024-01-27T11:30:25-0600,media,unclassified,,,,,,,,,,,,,,,,,,,,
SYFW0126_1,Prologis_02-2024-01-30-Wildlife_Camera,SYFW0126,,2024-01-27T14:16:22-0600,2024-01-27T14:16:22-0600,media,unclassified,,,,,,,,,,,,,,,,,,,,
SYFW0132_1,Prologis_02-2024-01-30-Wildlife_Camera,SYFW0132,,2024-01-27T14:22:40-0600,2024-01-27T14:22:40-0600,media,unclassified,,,,,,,,,,,,,,,,,,,,
SYFW0058_1,Prologis_02-2024-01-30-Wildlife_Camera,SYFW0058,,2024-01-27T05:59:14-0600,2024-01-27T05:59:14-0600,media,unclassified,,,,,,,,,,,,,,,,,,,,
SYFW0071_1,Prologis_02-2024-01-30-Wildlife_Camera,SYFW0071,,2024-01-27T07:39:54-0600,2024-01-27T07:39:54-0600,media,unclassified,,,,,,,,,,,,,,,,,,,,
SYFW0065_1,Prologis_02-2024-01-30-Wildlife_Camera,SYFW0065,,2024-01-27T07:35:46-0600,2024-01-27T07:35:46-0600,media,unclassified,,,,,,,,,,,,,,,,,,,,
SYFW0084_1,Prologis_02-2024-01-30-Wildlife_Camera,SYFW0084,,2024-01-27T13:48:27-0600,2024-01-27T13:48:27-0600,media,unclassified,,,,,,,,,,,,,,,,,,,,
SYFW0090_1,Prologis_02-2024-01-30-Wildlife_Camera,SYFW0090,,2024-01-27T13:51:49-0600,2024-01-27T13:51:49-0600,media,unclassified,,,,,,,,,,,,,,,,,,,,
SYFW0139_1,Prologis_02-2024-01-30-Wildlife_Camera,SYFW0139,,2024-01-27T08:26:26-0600,2024-01-27T08:26:26-0600,media,unclassified,,,,,,,,,,,,,,,,,,,,
SYFW0105_1,Prologis_02-2024-01-30-Wildlife_Camera,SYFW0105,,2024-01-27T08:00:04-0600,2024-01-27T08:00:04-0600,media,unclassified,,,,,,,,,,,,,,,,,,,,
SYFW0111_1,Prologis_02-2024-01-30-Wildlife_Camera,SYFW0111,,2024-01-27T08:03:46-0600,2024-01-27T08:03:46-0600,media,unclassified,,,,,,,,,,,,,,,,,,,,
SYFW0189_1,Prologis_02-2024-01-30-Wildlife_Camera,SYFW0189,,2024-01-29T07:02:52-0600,2024-01-29T07:02:52-0600,media,unclassified,,,,,,,,,,,,,,,,,,,,
SYFW0008_1,Prologis_02-2024-01-30-Wildlife_Camera,SYFW0008,,2024-01-24T19:05:33-0600,2024-01-24T19:05:33-0600,media,unclassified,,,,,,,,,,,,,,,,,,,,
SYFW0034_1,Prologis_02-2024-01-30-Wildlife_Camera,SYFW0034,,2024-01-27T11:21:47-0600,2024-01-27T11:21:47-0600,media,unclassified,,,,,,,,,,,,,,,,,,,,
SYFW0020_1,Prologis_02-2024-01-30-Wildlife_Camera,SYFW0020,,2024-01-24T19:12:47-0600,2024-01-24T19:12:47-0600,media,unclassified,,,,,,,,,,,,,,,,,,,,
SYFW0168_1,Prologis_02-2024-01-30-Wildlife_Camera,SYFW0168,,2024-01-29T07:57:54-0600,2024-01-29T07:57:54-0600,media,unclassified,,,,,,,,,,,,,,,,,,,,
SYFW0140_1,Prologis_02-2024-01-30-Wildlife_Camera,SYFW0140,,2024-01-27T14:27:13-0600,2024-01-27T14:27:13-0600,media,unclassified,,,,,,,,,,,,,,,,,,,,
SYFW0154_1,Prologis_02-2024-01-30-Wildlife_Camera,SYFW0154,,2024-01-27T16:14:45-0600,2024-01-27T16:14:45-0600,media,unclassified,,,,,,,,,,,,,,,,,,,,
SYFW0228_1,Prologis_02-2024-01-30-Wildlife_Camera,SYFW0228,,2024-01-30T12:34:32-0600,2024-01-30T12:34:32-0600,media,unclassified,,,,,,,,,,,,,,,,,,,,
SYFW0214_1,Prologis_02-2024-01-30-Wildlife_Camera,SYFW0214,,2024-01-30T12:26:26-0600,2024-01-30T12:26:26-0600,media,unclassified,,,,,,,,,,,,,,,,,,,,
SYFW0017_1,Prologis_02-2024-01-30-Wildlife_Camera,SYFW0017,,2024-01-24T13:10:46-0600,2024-01-24T13:10:46-0600,media,unclassified,,,,,,,,,,,,,,,,,,,,
SYFW0003_1,Prologis_02-2024-01-30-Wildlife_Camera,SYFW0003,,2024-01-24T13:02:12-0600,2024-01-24T13:02:12-0600,media,unclassified,,,,,,,,,,,,,,,,,,,,
SYFW0196_1,Prologis_02-2024-01-30-Wildlife_Camera,SYFW0196,,2024-01-29T13:48:57-0600,2024-01-29T13:48:57-0600,media,unclassified,,,,,,,,,,,,,,,,,,,,
SYFW0182_1,Prologis_02-2024-01-30-Wildlife_Camera,SYFW0182,,2024-01-29T12:19:44-0600,2024-01-29T12:19:44-0600,media,unclassified,,,,,,,,,,,,,,,,,,,,
SYFW0201_1,Prologis_02-2024-01-30-Wildlife_Camera,SYFW0201,,2024-01-30T06:59:18-0600,2024-01-30T06:59:18-0600,media,unclassified,,,,,,,,,,,,,,,,,,,,
SYFW0163_1,Prologis_02-2024-01-30-Wildlife_Camera,SYFW0163,,2024-01-28T08:10:12-0600,2024-01-28T08:10:12-0600,media,unclassified,,,,,,,,,,,,,,,,,,,,
SYFW0177_1,Prologis_02-2024-01-30-Wildlife_Camera,SYFW0177,,2024-01-29T04:47:50-0600,2024-01-29T04:47:50-0600,media,unclassified,,,,,,,,,,,,,,,,,,,,
SYFW0223_1,Prologis_02-2024-01-30-Wildlife_Camera,SYFW0223,,2024-01-30T18:31:50-0600,2024-01-30T18:31:50-0600,media,unclassified,,,,,,,,,,,,,,,,,,,,
SYFW0237_1,Prologis_02-2024-01-30-Wildlife_Camera,SYFW0237,,2024-01-30T18:43:00-0600,2024-01-30T18:43:00-0600,media,unclassified,,,,,,,,,,,,,,,,,,,,
SYFW0221_1,Prologis_02-2024-01-30-Wildlife_Camera,SYFW0221,,2024-01-30T18:30:44-0600,2024-01-30T18:30:44-0600,media,unclassified,,,,,,,,,,,,,,,,,,,,
SYFW0235_1,Prologis_02-2024-01-30-Wildlife_Camera,SYFW0235,,2024-01-30T18:41:54-0600,2024-01-30T18:41:54-0600,media,unclassified,,,,,,,,,,,,,,,,,,,,
SYFW0149_1,Prologis_02-2024-01-30-Wildlife_Camera,SYFW0149,,2024-01-27T08:32:18-0600,2024-01-27T08:32:18-0600,media,unclassified,,,,,,,,,,,,,,,,,,,,
SYFW0161_1,Prologis_02-2024-01-30-Wildlife_Camera,SYFW0161,,2024-01-28T07:02:24-0600,2024-01-28T07:02:24-0600,media,unclassified,,,,,,,,,,,,,,,,,,,,
SYFW0175_1,Prologis_02-2024-01-30-Wildlife_Camera,SYFW0175,,2024-01-29T04:15:16-0600,2024-01-29T04:15:16-0600,media,unclassified,,,,,,,,,,,,,,,,,,,,
SYFW0023_1,Prologis_02-2024-01-30-Wildlife_Camera,SYFW0023,,2024-01-24T19:18:20-0600,2024-01-24T19:18:20-0600,media,unclassified,,,,,,,,,,,,,,,,,,,,
SYFW0157_1,Prologis_02-2024-01-30-Wildlife_Camera,SYFW0157,,2024-01-28T04:30:18-0600,2024-01-28T04:30:18-0600,media,unclassified,,,,,,,,,,,,,,,,,,,,
SYFW0194_1,Prologis_02-2024-01-30-Wildlife_Camera,SYFW0194,,2024-01-29T13:43:20-0600,2024-01-29T13:43:20-0600,media,unclassified,,,,,,,,,,,,,,,,,,,,
SYFW0203_1,Prologis_02-2024-01-30-Wildlife_Camera,SYFW0203,,2024-01-30T09:02:10-0600,2024-01-30T09:02:10-0600,media,unclassified,,,,,,,,,,,,,,,,,,,,
SYFW0180_1,Prologis_02-2024-01-30-Wildlife_Camera,SYFW0180,,2024-01-29T12:13:47-0600,2024-01-29T12:13:47-0600,media,unclassified,,,,,,,,,,,,,,,,,,,,
SYFW0015_1,Prologis_02-2024-01-30-Wildlife_Camera,SYFW0015,,2024-01-24T13:09:40-0600,2024-01-24T13:09:40-0600,media,unclassified,,,,,,,,,,,,,,,,,,,,
SYFW0028_1,Prologis_02-2024-01-30-Wildlife_Camera,SYFW0028,,2024-01-24T13:21:14-0600,2024-01-24T13:21:14-0600,media,unclassified,,,,,,,,,,,,,,,,,,,,
SYFW0216_1,Prologis_02-2024-01-30-Wildlife_Camera,SYFW0216,,2024-01-30T12:27:46-0600,2024-01-30T12:27:46-0600,media,unclassified,,,,,,,,,,,,,,,,,,,,
SYFW0142_1,Prologis_02-2024-01-30-Wildlife_Camera,SYFW0142,,2024-01-27T14:28:39-0600,2024-01-27T14:28:39-0600,media,unclassified,,,,,,,,,,,,,,,,,,,,
SYFW0156_1,Prologis_02-2024-01-30-Wildlife_Camera,SYFW0156,,2024-01-27T16:30:18-0600,2024-01-27T16:30:18-0600,media,unclassified,,,,,,,,,,,,,,,,,,,,
SYFW0036_1,Prologis_02-2024-01-30-Wildlife_Camera,SYFW0036,,2024-01-27T11:23:25-0600,2024-01-27T11:23:25-0600,media,unclassified,,,,,,,,,,,,,,,,,,,,
SYFW0022_1,Prologis_02-2024-01-30-Wildlife_Camera,SYFW0022,,2024-01-24T19:17:16-0600,2024-01-24T19:17:16-0600,media,unclassified,,,,,,,,,,,,,,,,,,,,
SYFW0208_1,Prologis_02-2024-01-30-Wildlife_Camera,SYFW0208,,2024-01-30T16:27:58-0600,2024-01-30T16:27:58-0600,media,unclassified,,,,,,,,,,,,,,,,,,,,
SYFW0032_1,Prologis_02-2024-01-30-Wildlife_Camera,SYFW0032,,2024-01-27T11:14:29-0600,2024-01-27T11:14:29-0600,media,unclassified,,,,,,,,,,,,,,,,,,,,
SYFW0152_1,Prologis_02-2024-01-30-Wildlife_Camera,SYFW0152,,2024-01-27T14:37:52-0600,2024-01-27T14:37:52-0600,media,unclassified,,,,,,,,,,,,,,,,,,,,
SYFW0146_1,Prologis_02-2024-01-30-Wildlife_Camera,SYFW0146,,2024-01-27T14:30:51-0600,2024-01-27T14:30:51-0600,media,unclassified,,,,,,,,,,,,,,,,,,,,
SYFW0212_1,Prologis_02-2024-01-30-Wildlife_Camera,SYFW0212,,2024-01-30T12:23:10-0600,2024-01-30T12:23:10-0600,media,unclassified,,,,,,,,,,,,,,,,,,,,
SYFW0039_1,Prologis_02-2024-01-30-Wildlife_Camera,SYFW0039,,2024-01-27T05:24:56-0600,2024-01-27T05:24:56-0600,media,unclassified,,,,,,,,,,,,,,,,,,,,
SYFW0005_1,Prologis_02-2024-01-30-Wildlife_Camera,SYFW0005,,2024-01-24T13:03:24-0600,2024-01-24T13:03:24-0600,media,unclassified,,,,,,,,,,,,,,,,,,,,
SYFW0011_1,Prologis_02-2024-01-30-Wildlife_Camera,SYFW0011,,2024-01-24T13:06:58-0600,2024-01-24T13:06:58-0600,media,unclassified,,,,,,,,,,,,,,,,,,,,
SYFW0207_1,Prologis_02-2024-01-30-Wildlife_Camera,SYFW0207,,2024-01-30T10:26:54-0600,2024-01-30T10:26:54-0600,media,unclassified,,,,,,,,,,,,,,,,,,,,
SYFW0184_1,Prologis_02-2024-01-30-Wildlife_Camera,SYFW0184,,2024-01-29T12:55:11-0600,2024-01-29T12:55:11-0600,media,unclassified,,,,,,,,,,,,,,,,,,,,
SYFW0190_1,Prologis_02-2024-01-30-Wildlife_Camera,SYFW0190,,2024-01-29T13:04:12-0600,2024-01-29T13:04:12-0600,media,unclassified,,,,,,,,,,,,,,,,,,,,
SYFW0027_1,Prologis_02-2024-01-30-Wildlife_Camera,SYFW0027,,2024-01-24T19:20:56-0600,2024-01-24T19:20:56-0600,media,unclassified,,,,,,,,,,,,,,,,,,,,
SYFW0159_1,Prologis_02-2024-01-30-Wildlife_Camera,SYFW0159,,2024-01-28T07:00:50-0600,2024-01-28T07:00:50-0600,media,unclassified,,,,,,,,,,,,,,,,,,,,
SYFW0171_1,Prologis_02-2024-01-30-Wildlife_Camera,SYFW0171,,2024-01-29T02:27:48-0600,2024-01-29T02:27:48-0600,media,unclassified,,,,,,,,,,,,,,,,,,,,
SYFW0219_1,Prologis_02-2024-01-30-Wildlife_Camera,SYFW0219,,2024-01-30T18:29:36-0600,2024-01-30T18:29:36-0600,media,unclassified,,,,,,,,,,,,,,,,,,,,
SYFW0231_1,Prologis_02-2024-01-30-Wildlife_Camera,SYFW0231,,2024-01-30T18:39:40-0600,2024-01-30T18:39:40-0600,media,unclassified,,,,,,,,,,,,,,,,,,,,
SYFW0225_1,Prologis_02-2024-01-30-Wildlife_Camera,SYFW0225,,2024-01-30T18:33:02-0600,2024-01-30T18:33:02-0600,media,unclassified,,,,,,,,,,,,,,,,,,,,
SYFW0233_1,Prologis_02-2024-01-30-Wildlife_Camera,SYFW0233,,2024-01-30T18:40:47-0600,2024-01-30T18:40:47-0600,media,unclassified,,,,,,,,,,,,,,,,,,,,
SYFW0227_1,Prologis_02-2024-01-30-Wildlife_Camera,SYFW0227,,2024-01-30T18:34:11-0600,2024-01-30T18:34:11-0600,media,unclassified,,,,,,,,,,,,,,,,,,,,
SYFW0173_1,Prologis_02-2024-01-30-Wildlife_Camera,SYFW0173,,2024-01-29T02:58:58-0600,2024-01-29T02:58:58-0600,media,unclassified,,,,,,,,,,,,,,,,,,,,
SYFW0167_1,Prologis_02-2024-01-30-Wildlife_Camera,SYFW0167,,2024-01-28T22:37:36-0600,2024-01-28T22:37:36-0600,media,unclassified,,,,,,,,,,,,,,,,,,,,
SYFW0031_1,Prologis_02-2024-01-30-Wildlife_Camera,SYFW0031,,2024-01-27T11:11:59-0600,2024-01-27T11:11:59-0600,media,unclassified,,,,,,,,,,,,,,,,,,,,
SYFW0025_1,Prologis_02-2024-01-30-Wildlife_Camera,SYFW0025,,2024-01-24T19:19:51-0600,2024-01-24T19:19:51-0600,media,unclassified,,,,,,,,,,,,,,,,,,,,
SYFW0186_1,Prologis_02-2024-01-30-Wildlife_Camera,SYFW0186,,2024-01-29T13:01:05-0600,2024-01-29T13:01:05-0600,media,unclassified,,,,,,,,,,,,,,,,,,,,
SYFW0205_1,Prologis_02-2024-01-30-Wildlife_Camera,SYFW0205,,2024-01-30T09:20:08-0600,2024-01-30T09:20:08-0600,media,unclassified,,,,,,,,,,,,,,,,,,,,
SYFW0192_1,Prologis_02-2024-01-30-Wildlife_Camera,SYFW0192,,2024-01-29T13:36:47-0600,2024-01-29T13:36:47-0600,media,unclassified,,,,,,,,,,,,,,,,,,,,
SYFW0007_1,Prologis_02-2024-01-30-Wildlife_Camera,SYFW0007,,2024-01-24T13:04:36-0600,2024-01-24T13:04:36-0600,media,unclassified,,,,,,,,,,,,,,,,,,,,
SYFW0013_1,Prologis_02-2024-01-30-Wildlife_Camera,SYFW0013,,2024-01-24T13:08:16-0600,2024-01-24T13:08:16-0600,media,unclassified,,,,,,,,,,,,,,,,,,,,
SYFW0238_1,Prologis_02-2024-01-30-Wildlife_Camera,SYFW0238,,2024-01-30T12:43:20-0600,2024-01-30T12:43:20-0600,media,unclassified,,,,,,,,,,,,,,,,,,,,
SYFW0178_1,Prologis_02-2024-01-30-Wildlife_Camera,SYFW0178,,2024-01-29T10:50:31-0600,2024-01-29T10:50:31-0600,media,unclassified,,,,,,,,,,,,,,,,,,,,
SYFW0150_1,Prologis_02-2024-01-30-Wildlife_Camera,SYFW0150,,2024-01-27T14:35:41-0600,2024-01-27T14:35:41-0600,media,unclassified,,,,,,,,,,,,,,,,,,,,
SYFW0144_1,Prologis_02-2024-01-30-Wildlife_Camera,SYFW0144,,2024-01-27T14:29:44-0600,2024-01-27T14:29:44-0600,media,unclassified,,,,,,,,,,,,,,,,,,,,
SYFW0018_1,Prologis_02-2024-01-30-Wildlife_Camera,SYFW0018,,2024-01-24T19:11:37-0600,2024-01-24T19:11:37-0600,media,unclassified,,,,,,,,,,,,,,,,,,,,
